요일,시간대,주문량,알바 희망도
평일,0~6시,3.7,7
평일,0~6시,3.7,1
평일,0~6시,3.7,1
평일,0~6시,3.7,2
평일,0~6시,3.7,2
평일,0~6시,3.7,1
평일,0~6시,3.7,1
평일,0~6시,3.7,1
평일,0~6시,3.7,1
평일,0~6시,3.7,2
평일,0~6시,3.7,1
평일,0~6시,3.7,5
평일,0~6시,3.7,3
평일,0~6시,3.7,2
평일,0~6시,3.7,1
평일,0~6시,3.7,1
평일,0~6시,3.7,1
평일,0~6시,3.7,7
평일,0~6시,3.7,1
평일,0~6시,3.7,7
평일,0~6시,3.7,2
평일,0~6시,3.7,4
평일,0~6시,3.7,1
평일,0~6시,3.7,5
평일,0~6시,3.7,1
평일,0~6시,3.7,1
평일,0~6시,3.7,1
평일,0~6시,3.7,1
평일,0~6시,3.7,1
평일,0~6시,3.7,1
평일,0~6시,3.7,1
평일,0~6시,3.7,1
평일,0~6시,3.7,1
평일,0~6시,3.7,2
평일,0~6시,3.7,5
평일,0~6시,3.7,1
평일,0~6시,3.7,3
평일,0~6시,3.7,1
평일,0~6시,3.7,7
평일,0~6시,3.7,7
평일,0~6시,3.7,1
평일,0~6시,3.7,1
평일,0~6시,3.7,1
평일,0~6시,3.7,2
평일,0~6시,3.7,1
평일,0~6시,0.6,3
평일,0~6시,0.6,1
평일,0~6시,0.6,2
평일,0~6시,0.6,1
평일,0~6시,0.6,1
평일,0~6시,0.6,2
평일,0~6시,0.6,4
평일,0~6시,0.6,1
평일,0~6시,0.6,1
평일,0~6시,0.6,3
평일,0~6시,0.6,1
평일,0~6시,0.6,7
평일,0~6시,0.6,3
평일,0~6시,0.6,2
평일,0~6시,0.6,4
평일,0~6시,0.6,1
평일,0~6시,0.6,2
평일,0~6시,0.6,7
평일,0~6시,0.6,3
평일,0~6시,0.6,7
평일,0~6시,0.6,3
평일,0~6시,0.6,4
평일,0~6시,0.6,1
평일,0~6시,0.6,5
평일,0~6시,0.6,1
평일,0~6시,0.6,5
평일,0~6시,0.6,4
평일,0~6시,0.6,6
평일,0~6시,0.6,1
평일,0~6시,0.6,1
평일,0~6시,0.6,1
평일,0~6시,0.6,1
평일,0~6시,0.6,7
평일,0~6시,0.6,2
평일,0~6시,0.6,3
평일,0~6시,0.6,1
평일,0~6시,0.6,5
평일,0~6시,0.6,1
평일,0~6시,0.6,7
평일,0~6시,0.6,7
평일,0~6시,0.6,1
평일,0~6시,0.6,1
평일,0~6시,0.6,1
평일,0~6시,0.6,3
평일,0~6시,0.6,1
평일,0~6시,1,3
평일,0~6시,1,1
평일,0~6시,1,1
평일,0~6시,1,1
평일,0~6시,1,2
평일,0~6시,1,1
평일,0~6시,1,2
평일,0~6시,1,1
평일,0~6시,1,1
평일,0~6시,1,3
평일,0~6시,1,1
평일,0~6시,1,6
평일,0~6시,1,5
평일,0~6시,1,2
평일,0~6시,1,5
평일,0~6시,1,1
평일,0~6시,1,2
평일,0~6시,1,7
평일,0~6시,1,2
평일,0~6시,1,7
평일,0~6시,1,3
평일,0~6시,1,4
평일,0~6시,1,1
평일,0~6시,1,4
평일,0~6시,1,1
평일,0~6시,1,5
평일,0~6시,1,2
평일,0~6시,1,1
평일,0~6시,1,1
평일,0~6시,1,1
평일,0~6시,1,1
평일,0~6시,1,1
평일,0~6시,1,7
평일,0~6시,1,2
평일,0~6시,1,4
평일,0~6시,1,1
평일,0~6시,1,4
평일,0~6시,1,1
평일,0~6시,1,7
평일,0~6시,1,7
평일,0~6시,1,1
평일,0~6시,1,1
평일,0~6시,1,1
평일,0~6시,1,4
평일,0~6시,1,1
평일,6~11시,15.8,5
평일,6~11시,15.8,3
평일,6~11시,15.8,2
평일,6~11시,15.8,2
평일,6~11시,15.8,5
평일,6~11시,15.8,2
평일,6~11시,15.8,7
평일,6~11시,15.8,2
평일,6~11시,15.8,1
평일,6~11시,15.8,3
평일,6~11시,15.8,6
평일,6~11시,15.8,1
평일,6~11시,15.8,2
평일,6~11시,15.8,2
평일,6~11시,15.8,3
평일,6~11시,15.8,1
평일,6~11시,15.8,2
평일,6~11시,15.8,2
평일,6~11시,15.8,3
평일,6~11시,15.8,1
평일,6~11시,15.8,4
평일,6~11시,15.8,5
평일,6~11시,15.8,1
평일,6~11시,15.8,4
평일,6~11시,15.8,3
평일,6~11시,15.8,3
평일,6~11시,15.8,2
평일,6~11시,15.8,4
평일,6~11시,15.8,5
평일,6~11시,15.8,1
평일,6~11시,15.8,1
평일,6~11시,15.8,4
평일,6~11시,15.8,1
평일,6~11시,15.8,2
평일,6~11시,15.8,4
평일,6~11시,15.8,6
평일,6~11시,15.8,2
평일,6~11시,15.8,6
평일,6~11시,15.8,5
평일,6~11시,15.8,6
평일,6~11시,15.8,3
평일,6~11시,15.8,5
평일,6~11시,15.8,3
평일,6~11시,15.8,2
평일,6~11시,15.8,1
평일,6~11시,7.6,3
평일,6~11시,7.6,3
평일,6~11시,7.6,2
평일,6~11시,7.6,3
평일,6~11시,7.6,6
평일,6~11시,7.6,1
평일,6~11시,7.6,7
평일,6~11시,7.6,2
평일,6~11시,7.6,1
평일,6~11시,7.6,4
평일,6~11시,7.6,6
평일,6~11시,7.6,2
평일,6~11시,7.6,6
평일,6~11시,7.6,2
평일,6~11시,7.6,5
평일,6~11시,7.6,1
평일,6~11시,7.6,3
평일,6~11시,7.6,2
평일,6~11시,7.6,5
평일,6~11시,7.6,4
평일,6~11시,7.6,5
평일,6~11시,7.6,6
평일,6~11시,7.6,1
평일,6~11시,7.6,5
평일,6~11시,7.6,3
평일,6~11시,7.6,4
평일,6~11시,7.6,4
평일,6~11시,7.6,7
평일,6~11시,7.6,6
평일,6~11시,7.6,1
평일,6~11시,7.6,1
평일,6~11시,7.6,7
평일,6~11시,7.6,7
평일,6~11시,7.6,2
평일,6~11시,7.6,5
평일,6~11시,7.6,6
평일,6~11시,7.6,3
평일,6~11시,7.6,6
평일,6~11시,7.6,6
평일,6~11시,7.6,7
평일,6~11시,7.6,3
평일,6~11시,7.6,6
평일,6~11시,7.6,3
평일,6~11시,7.6,4
평일,6~11시,7.6,1
평일,6~11시,6.7,3
평일,6~11시,6.7,3
평일,6~11시,6.7,2
평일,6~11시,6.7,2
평일,6~11시,6.7,6
평일,6~11시,6.7,2
평일,6~11시,6.7,7
평일,6~11시,6.7,2
평일,6~11시,6.7,1
평일,6~11시,6.7,4
평일,6~11시,6.7,6
평일,6~11시,6.7,2
평일,6~11시,6.7,6
평일,6~11시,6.7,3
평일,6~11시,6.7,4
평일,6~11시,6.7,1
평일,6~11시,6.7,2
평일,6~11시,6.7,2
평일,6~11시,6.7,6
평일,6~11시,6.7,4
평일,6~11시,6.7,5
평일,6~11시,6.7,7
평일,6~11시,6.7,1
평일,6~11시,6.7,5
평일,6~11시,6.7,3
평일,6~11시,6.7,6
평일,6~11시,6.7,2
평일,6~11시,6.7,7
평일,6~11시,6.7,6
평일,6~11시,6.7,1
평일,6~11시,6.7,1
평일,6~11시,6.7,7
평일,6~11시,6.7,7
평일,6~11시,6.7,2
평일,6~11시,6.7,6
평일,6~11시,6.7,6
평일,6~11시,6.7,4
평일,6~11시,6.7,6
평일,6~11시,6.7,6
평일,6~11시,6.7,6
평일,6~11시,6.7,5
평일,6~11시,6.7,4
평일,6~11시,6.7,3
평일,6~11시,6.7,3
평일,6~11시,6.7,1
평일,11~14시,36.3,4
평일,11~14시,36.3,3
평일,11~14시,36.3,5
평일,11~14시,36.3,5
평일,11~14시,36.3,4
평일,11~14시,36.3,1
평일,11~14시,36.3,2
평일,11~14시,36.3,5
평일,11~14시,36.3,4
평일,11~14시,36.3,4
평일,11~14시,36.3,4
평일,11~14시,36.3,1
평일,11~14시,36.3,2
평일,11~14시,36.3,2
평일,11~14시,36.3,1
평일,11~14시,36.3,2
평일,11~14시,36.3,3
평일,11~14시,36.3,1
평일,11~14시,36.3,2
평일,11~14시,36.3,1
평일,11~14시,36.3,5
평일,11~14시,36.3,2
평일,11~14시,36.3,1
평일,11~14시,36.3,2
평일,11~14시,36.3,3
평일,11~14시,36.3,1
평일,11~14시,36.3,1
평일,11~14시,36.3,1
평일,11~14시,36.3,1
평일,11~14시,36.3,5
평일,11~14시,36.3,2
평일,11~14시,36.3,1
평일,11~14시,36.3,1
평일,11~14시,36.3,3
평일,11~14시,36.3,2
평일,11~14시,36.3,2
평일,11~14시,36.3,1
평일,11~14시,36.3,5
평일,11~14시,36.3,4
평일,11~14시,36.3,4
평일,11~14시,36.3,2
평일,11~14시,36.3,5
평일,11~14시,36.3,4
평일,11~14시,36.3,4
평일,11~14시,36.3,5
평일,11~14시,24.4,3
평일,11~14시,24.4,4
평일,11~14시,24.4,6
평일,11~14시,24.4,2
평일,11~14시,24.4,4
평일,11~14시,24.4,2
평일,11~14시,24.4,2
평일,11~14시,24.4,6
평일,11~14시,24.4,4
평일,11~14시,24.4,5
평일,11~14시,24.4,4
평일,11~14시,24.4,1
평일,11~14시,24.4,2
평일,11~14시,24.4,3
평일,11~14시,24.4,5
평일,11~14시,24.4,3
평일,11~14시,24.4,4
평일,11~14시,24.4,1
평일,11~14시,24.4,2
평일,11~14시,24.4,1
평일,11~14시,24.4,6
평일,11~14시,24.4,2
평일,11~14시,24.4,1
평일,11~14시,24.4,4
평일,11~14시,24.4,3
평일,11~14시,24.4,2
평일,11~14시,24.4,1
평일,11~14시,24.4,1
평일,11~14시,24.4,2
평일,11~14시,24.4,6
평일,11~14시,24.4,3
평일,11~14시,24.4,2
평일,11~14시,24.4,7
평일,11~14시,24.4,5
평일,11~14시,24.4,3
평일,11~14시,24.4,4
평일,11~14시,24.4,1
평일,11~14시,24.4,6
평일,11~14시,24.4,4
평일,11~14시,24.4,6
평일,11~14시,24.4,3
평일,11~14시,24.4,5
평일,11~14시,24.4,5
평일,11~14시,24.4,3
평일,11~14시,24.4,6
평일,11~14시,15.9,5
평일,11~14시,15.9,4
평일,11~14시,15.9,7
평일,11~14시,15.9,5
평일,11~14시,15.9,6
평일,11~14시,15.9,1
평일,11~14시,15.9,5
평일,11~14시,15.9,7
평일,11~14시,15.9,4
평일,11~14시,15.9,5
평일,11~14시,15.9,6
평일,11~14시,15.9,1
평일,11~14시,15.9,4
평일,11~14시,15.9,4
평일,11~14시,15.9,7
평일,11~14시,15.9,5
평일,11~14시,15.9,6
평일,11~14시,15.9,1
평일,11~14시,15.9,2
평일,11~14시,15.9,2
평일,11~14시,15.9,7
평일,11~14시,15.9,2
평일,11~14시,15.9,1
평일,11~14시,15.9,5
평일,11~14시,15.9,3
평일,11~14시,15.9,4
평일,11~14시,15.9,1
평일,11~14시,15.9,1
평일,11~14시,15.9,3
평일,11~14시,15.9,7
평일,11~14시,15.9,5
평일,11~14시,15.9,3
평일,11~14시,15.9,7
평일,11~14시,15.9,5
평일,11~14시,15.9,4
평일,11~14시,15.9,7
평일,11~14시,15.9,2
평일,11~14시,15.9,6
평일,11~14시,15.9,4
평일,11~14시,15.9,7
평일,11~14시,15.9,4
평일,11~14시,15.9,5
평일,11~14시,15.9,5
평일,11~14시,15.9,5
평일,11~14시,15.9,7
평일,14시~17시,70.3,3
평일,14시~17시,70.3,1
평일,14시~17시,70.3,2
평일,14시~17시,70.3,3
평일,14시~17시,70.3,4
평일,14시~17시,70.3,1
평일,14시~17시,70.3,1
평일,14시~17시,70.3,2
평일,14시~17시,70.3,5
평일,14시~17시,70.3,2
평일,14시~17시,70.3,1
평일,14시~17시,70.3,1
평일,14시~17시,70.3,1
평일,14시~17시,70.3,2
평일,14시~17시,70.3,1
평일,14시~17시,70.3,1
평일,14시~17시,70.3,2
평일,14시~17시,70.3,1
평일,14시~17시,70.3,1
평일,14시~17시,70.3,1
평일,14시~17시,70.3,3
평일,14시~17시,70.3,1
평일,14시~17시,70.3,1
평일,14시~17시,70.3,2
평일,14시~17시,70.3,3
평일,14시~17시,70.3,1
평일,14시~17시,70.3,1
평일,14시~17시,70.3,1
평일,14시~17시,70.3,1
평일,14시~17시,70.3,1
평일,14시~17시,70.3,2
평일,14시~17시,70.3,1
평일,14시~17시,70.3,1
평일,14시~17시,70.3,3
평일,14시~17시,70.3,1
평일,14시~17시,70.3,1
평일,14시~17시,70.3,1
평일,14시~17시,70.3,4
평일,14시~17시,70.3,3
평일,14시~17시,70.3,1
평일,14시~17시,70.3,1
평일,14시~17시,70.3,5
평일,14시~17시,70.3,4
평일,14시~17시,70.3,4
평일,14시~17시,70.3,2
평일,14시~17시,51.1,5
평일,14시~17시,51.1,2
평일,14시~17시,51.1,3
평일,14시~17시,51.1,2
평일,14시~17시,51.1,4
평일,14시~17시,51.1,2
평일,14시~17시,51.1,1
평일,14시~17시,51.1,4
평일,14시~17시,51.1,5
평일,14시~17시,51.1,5
평일,14시~17시,51.1,1
평일,14시~17시,51.1,1
평일,14시~17시,51.1,2
평일,14시~17시,51.1,3
평일,14시~17시,51.1,5
평일,14시~17시,51.1,3
평일,14시~17시,51.1,2
평일,14시~17시,51.1,1
평일,14시~17시,51.1,1
평일,14시~17시,51.1,1
평일,14시~17시,51.1,3
평일,14시~17시,51.1,1
평일,14시~17시,51.1,1
평일,14시~17시,51.1,1
평일,14시~17시,51.1,3
평일,14시~17시,51.1,1
평일,14시~17시,51.1,1
평일,14시~17시,51.1,1
평일,14시~17시,51.1,1
평일,14시~17시,51.1,1
평일,14시~17시,51.1,2
평일,14시~17시,51.1,1
평일,14시~17시,51.1,1
평일,14시~17시,51.1,3
평일,14시~17시,51.1,1
평일,14시~17시,51.1,1
평일,14시~17시,51.1,1
평일,14시~17시,51.1,5
평일,14시~17시,51.1,4
평일,14시~17시,51.1,1
평일,14시~17시,51.1,1
평일,14시~17시,51.1,6
평일,14시~17시,51.1,5
평일,14시~17시,51.1,6
평일,14시~17시,51.1,3
평일,14시~17시,32,5
평일,14시~17시,32,4
평일,14시~17시,32,4
평일,14시~17시,32,5
평일,14시~17시,32,7
평일,14시~17시,32,1
평일,14시~17시,32,3
평일,14시~17시,32,6
평일,14시~17시,32,5
평일,14시~17시,32,5
평일,14시~17시,32,1
평일,14시~17시,32,1
평일,14시~17시,32,3
평일,14시~17시,32,5
평일,14시~17시,32,7
평일,14시~17시,32,5
평일,14시~17시,32,3
평일,14시~17시,32,1
평일,14시~17시,32,2
평일,14시~17시,32,1
평일,14시~17시,32,4
평일,14시~17시,32,1
평일,14시~17시,32,1
평일,14시~17시,32,2
평일,14시~17시,32,3
평일,14시~17시,32,1
평일,14시~17시,32,5
평일,14시~17시,32,5
평일,14시~17시,32,2
평일,14시~17시,32,4
평일,14시~17시,32,5
평일,14시~17시,32,1
평일,14시~17시,32,1
평일,14시~17시,32,6
평일,14시~17시,32,5
평일,14시~17시,32,3
평일,14시~17시,32,2
평일,14시~17시,32,7
평일,14시~17시,32,4
평일,14시~17시,32,1
평일,14시~17시,32,1
평일,14시~17시,32,5
평일,14시~17시,32,7
평일,14시~17시,32,4
평일,14시~17시,32,5
평일,17~21시,65.3,2
평일,17~21시,65.3,3
평일,17~21시,65.3,2
평일,17~21시,65.3,3
평일,17~21시,65.3,4
평일,17~21시,65.3,2
평일,17~21시,65.3,1
평일,17~21시,65.3,2
평일,17~21시,65.3,4
평일,17~21시,65.3,3
평일,17~21시,65.3,1
평일,17~21시,65.3,1
평일,17~21시,65.3,1
평일,17~21시,65.3,2
평일,17~21시,65.3,1
평일,17~21시,65.3,1
평일,17~21시,65.3,2
평일,17~21시,65.3,1
평일,17~21시,65.3,1
평일,17~21시,65.3,1
평일,17~21시,65.3,5
평일,17~21시,65.3,1
평일,17~21시,65.3,1
평일,17~21시,65.3,1
평일,17~21시,65.3,3
평일,17~21시,65.3,1
평일,17~21시,65.3,2
평일,17~21시,65.3,1
평일,17~21시,65.3,1
평일,17~21시,65.3,1
평일,17~21시,65.3,2
평일,17~21시,65.3,1
평일,17~21시,65.3,1
평일,17~21시,65.3,3
평일,17~21시,65.3,2
평일,17~21시,65.3,2
평일,17~21시,65.3,1
평일,17~21시,65.3,5
평일,17~21시,65.3,3
평일,17~21시,65.3,1
평일,17~21시,65.3,1
평일,17~21시,65.3,6
평일,17~21시,65.3,3
평일,17~21시,65.3,4
평일,17~21시,65.3,2
평일,17~21시,22.7,3
평일,17~21시,22.7,5
평일,17~21시,22.7,6
평일,17~21시,22.7,3
평일,17~21시,22.7,7
평일,17~21시,22.7,1
평일,17~21시,22.7,6
평일,17~21시,22.7,6
평일,17~21시,22.7,4
평일,17~21시,22.7,5
평일,17~21시,22.7,1
평일,17~21시,22.7,1
평일,17~21시,22.7,4
평일,17~21시,22.7,6
평일,17~21시,22.7,6
평일,17~21시,22.7,4
평일,17~21시,22.7,6
평일,17~21시,22.7,4
평일,17~21시,22.7,2
평일,17~21시,22.7,2
평일,17~21시,22.7,7
평일,17~21시,22.7,1
평일,17~21시,22.7,1
평일,17~21시,22.7,3
평일,17~21시,22.7,3
평일,17~21시,22.7,2
평일,17~21시,22.7,4
평일,17~21시,22.7,5
평일,17~21시,22.7,3
평일,17~21시,22.7,6
평일,17~21시,22.7,6
평일,17~21시,22.7,5
평일,17~21시,22.7,1
평일,17~21시,22.7,6
평일,17~21시,22.7,4
평일,17~21시,22.7,7
평일,17~21시,22.7,5
평일,17~21시,22.7,6
평일,17~21시,22.7,5
평일,17~21시,22.7,5
평일,17~21시,22.7,1
평일,17~21시,22.7,5
평일,17~21시,22.7,6
평일,17~21시,22.7,5
평일,17~21시,22.7,6
평일,17~21시,14.2,4
평일,17~21시,14.2,6
평일,17~21시,14.2,4
평일,17~21시,14.2,5
평일,17~21시,14.2,7
평일,17~21시,14.2,2
평일,17~21시,14.2,7
평일,17~21시,14.2,7
평일,17~21시,14.2,7
평일,17~21시,14.2,6
평일,17~21시,14.2,1
평일,17~21시,14.2,5
평일,17~21시,14.2,5
평일,17~21시,14.2,7
평일,17~21시,14.2,6
평일,17~21시,14.2,6
평일,17~21시,14.2,7
평일,17~21시,14.2,6
평일,17~21시,14.2,2
평일,17~21시,14.2,4
평일,17~21시,14.2,7
평일,17~21시,14.2,1
평일,17~21시,14.2,1
평일,17~21시,14.2,3
평일,17~21시,14.2,3
평일,17~21시,14.2,4
평일,17~21시,14.2,6
평일,17~21시,14.2,5
평일,17~21시,14.2,5
평일,17~21시,14.2,7
평일,17~21시,14.2,7
평일,17~21시,14.2,7
평일,17~21시,14.2,1
평일,17~21시,14.2,7
평일,17~21시,14.2,5
평일,17~21시,14.2,7
평일,17~21시,14.2,6
평일,17~21시,14.2,7
평일,17~21시,14.2,5
평일,17~21시,14.2,7
평일,17~21시,14.2,3
평일,17~21시,14.2,5
평일,17~21시,14.2,6
평일,17~21시,14.2,3
평일,17~21시,14.2,7
평일,21~24시,4.5,1
평일,21~24시,4.5,5
평일,21~24시,4.5,2
평일,21~24시,4.5,2
평일,21~24시,4.5,2
평일,21~24시,4.5,1
평일,21~24시,4.5,7
평일,21~24시,4.5,2
평일,21~24시,4.5,7
평일,21~24시,4.5,6
평일,21~24시,4.5,1
평일,21~24시,4.5,5
평일,21~24시,4.5,6
평일,21~24시,4.5,5
평일,21~24시,4.5,6
평일,21~24시,4.5,3
평일,21~24시,4.5,5
평일,21~24시,4.5,6
평일,21~24시,4.5,6
평일,21~24시,4.5,6
평일,21~24시,4.5,7
평일,21~24시,4.5,7
평일,21~24시,4.5,1
평일,21~24시,4.5,3
평일,21~24시,4.5,5
평일,21~24시,4.5,5
평일,21~24시,4.5,6
평일,21~24시,4.5,6
평일,21~24시,4.5,4
평일,21~24시,4.5,1
평일,21~24시,4.5,3
평일,21~24시,4.5,7
평일,21~24시,4.5,1
평일,21~24시,4.5,6
평일,21~24시,4.5,5
평일,21~24시,4.5,2
평일,21~24시,4.5,6
평일,21~24시,4.5,4
평일,21~24시,4.5,5
평일,21~24시,4.5,7
평일,21~24시,4.5,4
평일,21~24시,4.5,5
평일,21~24시,4.5,3
평일,21~24시,4.5,3
평일,21~24시,4.5,4
평일,21~24시,0.4,4
평일,21~24시,0.4,5
평일,21~24시,0.4,2
평일,21~24시,0.4,2
평일,21~24시,0.4,1
평일,21~24시,0.4,2
평일,21~24시,0.4,7
평일,21~24시,0.4,1
평일,21~24시,0.4,7
평일,21~24시,0.4,6
평일,21~24시,0.4,1
평일,21~24시,0.4,7
평일,21~24시,0.4,5
평일,21~24시,0.4,6
평일,21~24시,0.4,7
평일,21~24시,0.4,4
평일,21~24시,0.4,5
평일,21~24시,0.4,7
평일,21~24시,0.4,6
평일,21~24시,0.4,6
평일,21~24시,0.4,7
평일,21~24시,0.4,7
평일,21~24시,0.4,1
평일,21~24시,0.4,3
평일,21~24시,0.4,5
평일,21~24시,0.4,7
평일,21~24시,0.4,7
평일,21~24시,0.4,7
평일,21~24시,0.4,3
평일,21~24시,0.4,1
평일,21~24시,0.4,3
평일,21~24시,0.4,7
평일,21~24시,0.4,1
평일,21~24시,0.4,7
평일,21~24시,0.4,7
평일,21~24시,0.4,2
평일,21~24시,0.4,6
평일,21~24시,0.4,3
평일,21~24시,0.4,7
평일,21~24시,0.4,7
평일,21~24시,0.4,4
평일,21~24시,0.4,5
평일,21~24시,0.4,3
평일,21~24시,0.4,5
평일,21~24시,0.4,5
평일,21~24시,0.2,5
평일,21~24시,0.2,6
평일,21~24시,0.2,1
평일,21~24시,0.2,2
평일,21~24시,0.2,1
평일,21~24시,0.2,1
평일,21~24시,0.2,7
평일,21~24시,0.2,1
평일,21~24시,0.2,7
평일,21~24시,0.2,6
평일,21~24시,0.2,1
평일,21~24시,0.2,7
평일,21~24시,0.2,5
평일,21~24시,0.2,6
평일,21~24시,0.2,7
평일,21~24시,0.2,5
평일,21~24시,0.2,5
평일,21~24시,0.2,7
평일,21~24시,0.2,7
평일,21~24시,0.2,6
평일,21~24시,0.2,7
평일,21~24시,0.2,7
평일,21~24시,0.2,1
평일,21~24시,0.2,4
평일,21~24시,0.2,5
평일,21~24시,0.2,6
평일,21~24시,0.2,7
평일,21~24시,0.2,7
평일,21~24시,0.2,2
평일,21~24시,0.2,1
평일,21~24시,0.2,3
평일,21~24시,0.2,7
평일,21~24시,0.2,1
평일,21~24시,0.2,7
평일,21~24시,0.2,7
평일,21~24시,0.2,2
평일,21~24시,0.2,6
평일,21~24시,0.2,3
평일,21~24시,0.2,7
평일,21~24시,0.2,7
평일,21~24시,0.2,4
평일,21~24시,0.2,5
평일,21~24시,0.2,3
평일,21~24시,0.2,5
평일,21~24시,0.2,1
주말,0~6시,4,5
주말,0~6시,4,1
주말,0~6시,4,1
주말,0~6시,4,1
주말,0~6시,4,2
주말,0~6시,4,2
주말,0~6시,4,2
주말,0~6시,4,1
주말,0~6시,4,1
주말,0~6시,4,1
주말,0~6시,4,1
주말,0~6시,4,5
주말,0~6시,4,2
주말,0~6시,4,2
주말,0~6시,4,4
주말,0~6시,4,1
주말,0~6시,4,1
주말,0~6시,4,7
주말,0~6시,4,4
주말,0~6시,4,7
주말,0~6시,4,3
주말,0~6시,4,4
주말,0~6시,4,1
주말,0~6시,4,3
주말,0~6시,4,3
주말,0~6시,4,5
주말,0~6시,4,2
주말,0~6시,4,1
주말,0~6시,4,2
주말,0~6시,4,1
주말,0~6시,4,1
주말,0~6시,4,1
주말,0~6시,4,1
주말,0~6시,4,1
주말,0~6시,4,5
주말,0~6시,4,1
주말,0~6시,4,3
주말,0~6시,4,1
주말,0~6시,4,4
주말,0~6시,4,7
주말,0~6시,4,1
주말,0~6시,4,1
주말,0~6시,4,1
주말,0~6시,4,3
주말,0~6시,4,1
주말,0~6시,0.7,3
주말,0~6시,0.7,1
주말,0~6시,0.7,2
주말,0~6시,0.7,1
주말,0~6시,0.7,1
주말,0~6시,0.7,1
주말,0~6시,0.7,2
주말,0~6시,0.7,1
주말,0~6시,0.7,1
주말,0~6시,0.7,2
주말,0~6시,0.7,1
주말,0~6시,0.7,6
주말,0~6시,0.7,3
주말,0~6시,0.7,2
주말,0~6시,0.7,7
주말,0~6시,0.7,1
주말,0~6시,0.7,1
주말,0~6시,0.7,7
주말,0~6시,0.7,5
주말,0~6시,0.7,7
주말,0~6시,0.7,3
주말,0~6시,0.7,4
주말,0~6시,0.7,1
주말,0~6시,0.7,4
주말,0~6시,0.7,3
주말,0~6시,0.7,5
주말,0~6시,0.7,4
주말,0~6시,0.7,7
주말,0~6시,0.7,2
주말,0~6시,0.7,1
주말,0~6시,0.7,1
주말,0~6시,0.7,1
주말,0~6시,0.7,7
주말,0~6시,0.7,1
주말,0~6시,0.7,6
주말,0~6시,0.7,1
주말,0~6시,0.7,5
주말,0~6시,0.7,1
주말,0~6시,0.7,7
주말,0~6시,0.7,7
주말,0~6시,0.7,1
주말,0~6시,0.7,1
주말,0~6시,0.7,1
주말,0~6시,0.7,2
주말,0~6시,0.7,1
주말,0~6시,1.3,4
주말,0~6시,1.3,1
주말,0~6시,1.3,1
주말,0~6시,1.3,1
주말,0~6시,1.3,1
주말,0~6시,1.3,2
주말,0~6시,1.3,2
주말,0~6시,1.3,1
주말,0~6시,1.3,1
주말,0~6시,1.3,2
주말,0~6시,1.3,1
주말,0~6시,1.3,5
주말,0~6시,1.3,4
주말,0~6시,1.3,2
주말,0~6시,1.3,6
주말,0~6시,1.3,1
주말,0~6시,1.3,1
주말,0~6시,1.3,7
주말,0~6시,1.3,4
주말,0~6시,1.3,7
주말,0~6시,1.3,3
주말,0~6시,1.3,4
주말,0~6시,1.3,1
주말,0~6시,1.3,3
주말,0~6시,1.3,1
주말,0~6시,1.3,5
주말,0~6시,1.3,4
주말,0~6시,1.3,6
주말,0~6시,1.3,2
주말,0~6시,1.3,1
주말,0~6시,1.3,1
주말,0~6시,1.3,1
주말,0~6시,1.3,7
주말,0~6시,1.3,1
주말,0~6시,1.3,6
주말,0~6시,1.3,1
주말,0~6시,1.3,4
주말,0~6시,1.3,1
주말,0~6시,1.3,7
주말,0~6시,1.3,7
주말,0~6시,1.3,1
주말,0~6시,1.3,1
주말,0~6시,1.3,1
주말,0~6시,1.3,5
주말,0~6시,1.3,1
주말,6~11시,17.1,4
주말,6~11시,17.1,1
주말,6~11시,17.1,6
주말,6~11시,17.1,3
주말,6~11시,17.1,4
주말,6~11시,17.1,1
주말,6~11시,17.1,7
주말,6~11시,17.1,3
주말,6~11시,17.1,1
주말,6~11시,17.1,6
주말,6~11시,17.1,7
주말,6~11시,17.1,2
주말,6~11시,17.1,4
주말,6~11시,17.1,4
주말,6~11시,17.1,5
주말,6~11시,17.1,1
주말,6~11시,17.1,4
주말,6~11시,17.1,1
주말,6~11시,17.1,2
주말,6~11시,17.1,3
주말,6~11시,17.1,4
주말,6~11시,17.1,5
주말,6~11시,17.1,1
주말,6~11시,17.1,1
주말,6~11시,17.1,2
주말,6~11시,17.1,6
주말,6~11시,17.1,3
주말,6~11시,17.1,2
주말,6~11시,17.1,5
주말,6~11시,17.1,1
주말,6~11시,17.1,2
주말,6~11시,17.1,7
주말,6~11시,17.1,1
주말,6~11시,17.1,1
주말,6~11시,17.1,5
주말,6~11시,17.1,3
주말,6~11시,17.1,2
주말,6~11시,17.1,6
주말,6~11시,17.1,6
주말,6~11시,17.1,7
주말,6~11시,17.1,4
주말,6~11시,17.1,5
주말,6~11시,17.1,2
주말,6~11시,17.1,4
주말,6~11시,17.1,3
주말,6~11시,8.5,4
주말,6~11시,8.5,2
주말,6~11시,8.5,6
주말,6~11시,8.5,4
주말,6~11시,8.5,4
주말,6~11시,8.5,2
주말,6~11시,8.5,7
주말,6~11시,8.5,3
주말,6~11시,8.5,1
주말,6~11시,8.5,7
주말,6~11시,8.5,7
주말,6~11시,8.5,1
주말,6~11시,8.5,4
주말,6~11시,8.5,5
주말,6~11시,8.5,6
주말,6~11시,8.5,1
주말,6~11시,8.5,5
주말,6~11시,8.5,1
주말,6~11시,8.5,2
주말,6~11시,8.5,4
주말,6~11시,8.5,4
주말,6~11시,8.5,6
주말,6~11시,8.5,1
주말,6~11시,8.5,2
주말,6~11시,8.5,3
주말,6~11시,8.5,7
주말,6~11시,8.5,4
주말,6~11시,8.5,5
주말,6~11시,8.5,5
주말,6~11시,8.5,1
주말,6~11시,8.5,2
주말,6~11시,8.5,7
주말,6~11시,8.5,7
주말,6~11시,8.5,1
주말,6~11시,8.5,5
주말,6~11시,8.5,5
주말,6~11시,8.5,3
주말,6~11시,8.5,6
주말,6~11시,8.5,5
주말,6~11시,8.5,7
주말,6~11시,8.5,5
주말,6~11시,8.5,5
주말,6~11시,8.5,2
주말,6~11시,8.5,3
주말,6~11시,8.5,4
주말,6~11시,8.6,4
주말,6~11시,8.6,2
주말,6~11시,8.6,6
주말,6~11시,8.6,4
주말,6~11시,8.6,4
주말,6~11시,8.6,1
주말,6~11시,8.6,7
주말,6~11시,8.6,3
주말,6~11시,8.6,1
주말,6~11시,8.6,7
주말,6~11시,8.6,7
주말,6~11시,8.6,1
주말,6~11시,8.6,4
주말,6~11시,8.6,5
주말,6~11시,8.6,5
주말,6~11시,8.6,1
주말,6~11시,8.6,6
주말,6~11시,8.6,1
주말,6~11시,8.6,2
주말,6~11시,8.6,4
주말,6~11시,8.6,4
주말,6~11시,8.6,6
주말,6~11시,8.6,1
주말,6~11시,8.6,2
주말,6~11시,8.6,3
주말,6~11시,8.6,7
주말,6~11시,8.6,4
주말,6~11시,8.6,5
주말,6~11시,8.6,5
주말,6~11시,8.6,1
주말,6~11시,8.6,2
주말,6~11시,8.6,7
주말,6~11시,8.6,7
주말,6~11시,8.6,1
주말,6~11시,8.6,6
주말,6~11시,8.6,5
주말,6~11시,8.6,3
주말,6~11시,8.6,6
주말,6~11시,8.6,6
주말,6~11시,8.6,7
주말,6~11시,8.6,5
주말,6~11시,8.6,5
주말,6~11시,8.6,2
주말,6~11시,8.6,3
주말,6~11시,8.6,4
주말,11~14시,39.2,3
주말,11~14시,39.2,3
주말,11~14시,39.2,7
주말,11~14시,39.2,5
주말,11~14시,39.2,4
주말,11~14시,39.2,2
주말,11~14시,39.2,2
주말,11~14시,39.2,6
주말,11~14시,39.2,4
주말,11~14시,39.2,5
주말,11~14시,39.2,2
주말,11~14시,39.2,1
주말,11~14시,39.2,2
주말,11~14시,39.2,2
주말,11~14시,39.2,3
주말,11~14시,39.2,2
주말,11~14시,39.2,5
주말,11~14시,39.2,1
주말,11~14시,39.2,2
주말,11~14시,39.2,1
주말,11~14시,39.2,5
주말,11~14시,39.2,2
주말,11~14시,39.2,1
주말,11~14시,39.2,1
주말,11~14시,39.2,3
주말,11~14시,39.2,1
주말,11~14시,39.2,4
주말,11~14시,39.2,1
주말,11~14시,39.2,3
주말,11~14시,39.2,3
주말,11~14시,39.2,3
주말,11~14시,39.2,4
주말,11~14시,39.2,1
주말,11~14시,39.2,2
주말,11~14시,39.2,2
주말,11~14시,39.2,2
주말,11~14시,39.2,2
주말,11~14시,39.2,7
주말,11~14시,39.2,5
주말,11~14시,39.2,6
주말,11~14시,39.2,3
주말,11~14시,39.2,5
주말,11~14시,39.2,4
주말,11~14시,39.2,5
주말,11~14시,39.2,4
주말,11~14시,27.3,3
주말,11~14시,27.3,3
주말,11~14시,27.3,7
주말,11~14시,27.3,5
주말,11~14시,27.3,4
주말,11~14시,27.3,1
주말,11~14시,27.3,2
주말,11~14시,27.3,7
주말,11~14시,27.3,5
주말,11~14시,27.3,6
주말,11~14시,27.3,6
주말,11~14시,27.3,1
주말,11~14시,27.3,2
주말,11~14시,27.3,4
주말,11~14시,27.3,5
주말,11~14시,27.3,4
주말,11~14시,27.3,7
주말,11~14시,27.3,1
주말,11~14시,27.3,2
주말,11~14시,27.3,1
주말,11~14시,27.3,5
주말,11~14시,27.3,2
주말,11~14시,27.3,1
주말,11~14시,27.3,1
주말,11~14시,27.3,3
주말,11~14시,27.3,2
주말,11~14시,27.3,5
주말,11~14시,27.3,1
주말,11~14시,27.3,4
주말,11~14시,27.3,4
주말,11~14시,27.3,4
주말,11~14시,27.3,5
주말,11~14시,27.3,7
주말,11~14시,27.3,2
주말,11~14시,27.3,2
주말,11~14시,27.3,3
주말,11~14시,27.3,2
주말,11~14시,27.3,7
주말,11~14시,27.3,5
주말,11~14시,27.3,6
주말,11~14시,27.3,3
주말,11~14시,27.3,5
주말,11~14시,27.3,5
주말,11~14시,27.3,6
주말,11~14시,27.3,5
주말,11~14시,20.4,4
주말,11~14시,20.4,3
주말,11~14시,20.4,7
주말,11~14시,20.4,2
주말,11~14시,20.4,5
주말,11~14시,20.4,2
주말,11~14시,20.4,4
주말,11~14시,20.4,7
주말,11~14시,20.4,5
주말,11~14시,20.4,6
주말,11~14시,20.4,6
주말,11~14시,20.4,1
주말,11~14시,20.4,2
주말,11~14시,20.4,5
주말,11~14시,20.4,6
주말,11~14시,20.4,6
주말,11~14시,20.4,7
주말,11~14시,20.4,1
주말,11~14시,20.4,3
주말,11~14시,20.4,1
주말,11~14시,20.4,5
주말,11~14시,20.4,3
주말,11~14시,20.4,1
주말,11~14시,20.4,2
주말,11~14시,20.4,4
주말,11~14시,20.4,2
주말,11~14시,20.4,6
주말,11~14시,20.4,1
주말,11~14시,20.4,5
주말,11~14시,20.4,5
주말,11~14시,20.4,4
주말,11~14시,20.4,6
주말,11~14시,20.4,7
주말,11~14시,20.4,3
주말,11~14시,20.4,3
주말,11~14시,20.4,5
주말,11~14시,20.4,2
주말,11~14시,20.4,7
주말,11~14시,20.4,5
주말,11~14시,20.4,6
주말,11~14시,20.4,4
주말,11~14시,20.4,5
주말,11~14시,20.4,6
주말,11~14시,20.4,5
주말,11~14시,20.4,6
주말,14시~17시,75.9,3
주말,14시~17시,75.9,1
주말,14시~17시,75.9,3
주말,14시~17시,75.9,3
주말,14시~17시,75.9,2
주말,14시~17시,75.9,1
주말,14시~17시,75.9,1
주말,14시~17시,75.9,2
주말,14시~17시,75.9,5
주말,14시~17시,75.9,4
주말,14시~17시,75.9,1
주말,14시~17시,75.9,1
주말,14시~17시,75.9,1
주말,14시~17시,75.9,2
주말,14시~17시,75.9,2
주말,14시~17시,75.9,1
주말,14시~17시,75.9,4
주말,14시~17시,75.9,1
주말,14시~17시,75.9,2
주말,14시~17시,75.9,1
주말,14시~17시,75.9,6
주말,14시~17시,75.9,1
주말,14시~17시,75.9,1
주말,14시~17시,75.9,1
주말,14시~17시,75.9,4
주말,14시~17시,75.9,1
주말,14시~17시,75.9,2
주말,14시~17시,75.9,1
주말,14시~17시,75.9,2
주말,14시~17시,75.9,1
주말,14시~17시,75.9,2
주말,14시~17시,75.9,1
주말,14시~17시,75.9,1
주말,14시~17시,75.9,2
주말,14시~17시,75.9,6
주말,14시~17시,75.9,1
주말,14시~17시,75.9,1
주말,14시~17시,75.9,4
주말,14시~17시,75.9,4
주말,14시~17시,75.9,1
주말,14시~17시,75.9,1
주말,14시~17시,75.9,5
주말,14시~17시,75.9,2
주말,14시~17시,75.9,4
주말,14시~17시,75.9,2
주말,14시~17시,57.2,4
주말,14시~17시,57.2,2
주말,14시~17시,57.2,4
주말,14시~17시,57.2,2
주말,14시~17시,57.2,2
주말,14시~17시,57.2,2
주말,14시~17시,57.2,2
주말,14시~17시,57.2,5
주말,14시~17시,57.2,5
주말,14시~17시,57.2,5
주말,14시~17시,57.2,1
주말,14시~17시,57.2,1
주말,14시~17시,57.2,2
주말,14시~17시,57.2,3
주말,14시~17시,57.2,4
주말,14시~17시,57.2,3
주말,14시~17시,57.2,5
주말,14시~17시,57.2,1
주말,14시~17시,57.2,2
주말,14시~17시,57.2,1
주말,14시~17시,57.2,6
주말,14시~17시,57.2,1
주말,14시~17시,57.2,1
주말,14시~17시,57.2,1
주말,14시~17시,57.2,4
주말,14시~17시,57.2,1
주말,14시~17시,57.2,2
주말,14시~17시,57.2,1
주말,14시~17시,57.2,2
주말,14시~17시,57.2,1
주말,14시~17시,57.2,2
주말,14시~17시,57.2,1
주말,14시~17시,57.2,1
주말,14시~17시,57.2,2
주말,14시~17시,57.2,6
주말,14시~17시,57.2,1
주말,14시~17시,57.2,1
주말,14시~17시,57.2,5
주말,14시~17시,57.2,3
주말,14시~17시,57.2,1
주말,14시~17시,57.2,1
주말,14시~17시,57.2,5
주말,14시~17시,57.2,3
주말,14시~17시,57.2,4
주말,14시~17시,57.2,2
주말,14시~17시,41,3
주말,14시~17시,41,3
주말,14시~17시,41,3
주말,14시~17시,41,2
주말,14시~17시,41,3
주말,14시~17시,41,1
주말,14시~17시,41,2
주말,14시~17시,41,6
주말,14시~17시,41,6
주말,14시~17시,41,5
주말,14시~17시,41,1
주말,14시~17시,41,1
주말,14시~17시,41,3
주말,14시~17시,41,4
주말,14시~17시,41,5
주말,14시~17시,41,5
주말,14시~17시,41,7
주말,14시~17시,41,1
주말,14시~17시,41,2
주말,14시~17시,41,1
주말,14시~17시,41,7
주말,14시~17시,41,1
주말,14시~17시,41,1
주말,14시~17시,41,1
주말,14시~17시,41,4
주말,14시~17시,41,1
주말,14시~17시,41,4
주말,14시~17시,41,1
주말,14시~17시,41,2
주말,14시~17시,41,1
주말,14시~17시,41,2
주말,14시~17시,41,1
주말,14시~17시,41,1
주말,14시~17시,41,2
주말,14시~17시,41,6
주말,14시~17시,41,2
주말,14시~17시,41,2
주말,14시~17시,41,5
주말,14시~17시,41,3
주말,14시~17시,41,1
주말,14시~17시,41,1
주말,14시~17시,41,6
주말,14시~17시,41,4
주말,14시~17시,41,4
주말,14시~17시,41,2
주말,17~21시,70.5,2
주말,17~21시,70.5,2
주말,17~21시,70.5,3
주말,17~21시,70.5,3
주말,17~21시,70.5,3
주말,17~21시,70.5,2
주말,17~21시,70.5,1
주말,17~21시,70.5,1
주말,17~21시,70.5,4
주말,17~21시,70.5,3
주말,17~21시,70.5,1
주말,17~21시,70.5,1
주말,17~21시,70.5,1
주말,17~21시,70.5,2
주말,17~21시,70.5,1
주말,17~21시,70.5,1
주말,17~21시,70.5,5
주말,17~21시,70.5,1
주말,17~21시,70.5,2
주말,17~21시,70.5,1
주말,17~21시,70.5,5
주말,17~21시,70.5,1
주말,17~21시,70.5,1
주말,17~21시,70.5,1
주말,17~21시,70.5,1
주말,17~21시,70.5,1
주말,17~21시,70.5,1
주말,17~21시,70.5,1
주말,17~21시,70.5,1
주말,17~21시,70.5,1
주말,17~21시,70.5,2
주말,17~21시,70.5,1
주말,17~21시,70.5,1
주말,17~21시,70.5,2
주말,17~21시,70.5,4
주말,17~21시,70.5,1
주말,17~21시,70.5,2
주말,17~21시,70.5,4
주말,17~21시,70.5,5
주말,17~21시,70.5,4
주말,17~21시,70.5,1
주말,17~21시,70.5,5
주말,17~21시,70.5,2
주말,17~21시,70.5,5
주말,17~21시,70.5,1
주말,17~21시,25.4,3
주말,17~21시,25.4,5
주말,17~21시,25.4,6
주말,17~21시,25.4,7
주말,17~21시,25.4,7
주말,17~21시,25.4,1
주말,17~21시,25.4,7
주말,17~21시,25.4,1
주말,17~21시,25.4,7
주말,17~21시,25.4,4
주말,17~21시,25.4,1
주말,17~21시,25.4,1
주말,17~21시,25.4,2
주말,17~21시,25.4,5
주말,17~21시,25.4,6
주말,17~21시,25.4,5
주말,17~21시,25.4,7
주말,17~21시,25.4,1
주말,17~21시,25.4,3
주말,17~21시,25.4,1
주말,17~21시,25.4,6
주말,17~21시,25.4,2
주말,17~21시,25.4,1
주말,17~21시,25.4,2
주말,17~21시,25.4,1
주말,17~21시,25.4,2
주말,17~21시,25.4,5
주말,17~21시,25.4,1
주말,17~21시,25.4,1
주말,17~21시,25.4,5
주말,17~21시,25.4,6
주말,17~21시,25.4,3
주말,17~21시,25.4,1
주말,17~21시,25.4,4
주말,17~21시,25.4,6
주말,17~21시,25.4,6
주말,17~21시,25.4,3
주말,17~21시,25.4,7
주말,17~21시,25.4,6
주말,17~21시,25.4,5
주말,17~21시,25.4,4
주말,17~21시,25.4,6
주말,17~21시,25.4,4
주말,17~21시,25.4,5
주말,17~21시,25.4,5
주말,17~21시,18.2,5
주말,17~21시,18.2,5
주말,17~21시,18.2,5
주말,17~21시,18.2,7
주말,17~21시,18.2,7
주말,17~21시,18.2,2
주말,17~21시,18.2,7
주말,17~21시,18.2,1
주말,17~21시,18.2,7
주말,17~21시,18.2,4
주말,17~21시,18.2,1
주말,17~21시,18.2,1
주말,17~21시,18.2,4
주말,17~21시,18.2,5
주말,17~21시,18.2,7
주말,17~21시,18.2,5
주말,17~21시,18.2,7
주말,17~21시,18.2,1
주말,17~21시,18.2,3
주말,17~21시,18.2,4
주말,17~21시,18.2,7
주말,17~21시,18.2,2
주말,17~21시,18.2,1
주말,17~21시,18.2,2
주말,17~21시,18.2,1
주말,17~21시,18.2,4
주말,17~21시,18.2,7
주말,17~21시,18.2,1
주말,17~21시,18.2,4
주말,17~21시,18.2,6
주말,17~21시,18.2,7
주말,17~21시,18.2,3
주말,17~21시,18.2,1
주말,17~21시,18.2,5
주말,17~21시,18.2,7
주말,17~21시,18.2,7
주말,17~21시,18.2,5
주말,17~21시,18.2,7
주말,17~21시,18.2,6
주말,17~21시,18.2,6
주말,17~21시,18.2,4
주말,17~21시,18.2,6
주말,17~21시,18.2,4
주말,17~21시,18.2,6
주말,17~21시,18.2,6
주말,21~24시,4.9,3
주말,21~24시,4.9,4
주말,21~24시,4.9,3
주말,21~24시,4.9,3
주말,21~24시,4.9,5
주말,21~24시,4.9,1
주말,21~24시,4.9,7
주말,21~24시,4.9,1
주말,21~24시,4.9,7
주말,21~24시,4.9,3
주말,21~24시,4.9,1
주말,21~24시,4.9,6
주말,21~24시,4.9,5
주말,21~24시,4.9,5
주말,21~24시,4.9,5
주말,21~24시,4.9,3
주말,21~24시,4.9,7
주말,21~24시,4.9,5
주말,21~24시,4.9,5
주말,21~24시,4.9,6
주말,21~24시,4.9,7
주말,21~24시,4.9,6
주말,21~24시,4.9,1
주말,21~24시,4.9,3
주말,21~24시,4.9,1
주말,21~24시,4.9,5
주말,21~24시,4.9,7
주말,21~24시,4.9,1
주말,21~24시,4.9,2
주말,21~24시,4.9,1
주말,21~24시,4.9,2
주말,21~24시,4.9,6
주말,21~24시,4.9,1
주말,21~24시,4.9,6
주말,21~24시,4.9,6
주말,21~24시,4.9,2
주말,21~24시,4.9,5
주말,21~24시,4.9,5
주말,21~24시,4.9,6
주말,21~24시,4.9,7
주말,21~24시,4.9,4
주말,21~24시,4.9,6
주말,21~24시,4.9,2
주말,21~24시,4.9,4
주말,21~24시,4.9,3
주말,21~24시,0.5,3
주말,21~24시,0.5,5
주말,21~24시,0.5,2
주말,21~24시,0.5,2
주말,21~24시,0.5,2
주말,21~24시,0.5,2
주말,21~24시,0.5,7
주말,21~24시,0.5,1
주말,21~24시,0.5,7
주말,21~24시,0.5,3
주말,21~24시,0.5,1
주말,21~24시,0.5,7
주말,21~24시,0.5,5
주말,21~24시,0.5,5
주말,21~24시,0.5,7
주말,21~24시,0.5,4
주말,21~24시,0.5,7
주말,21~24시,0.5,5
주말,21~24시,0.5,6
주말,21~24시,0.5,7
주말,21~24시,0.5,7
주말,21~24시,0.5,7
주말,21~24시,0.5,1
주말,21~24시,0.5,3
주말,21~24시,0.5,6
주말,21~24시,0.5,6
주말,21~24시,0.5,7
주말,21~24시,0.5,6
주말,21~24시,0.5,2
주말,21~24시,0.5,1
주말,21~24시,0.5,2
주말,21~24시,0.5,7
주말,21~24시,0.5,1
주말,21~24시,0.5,7
주말,21~24시,0.5,6
주말,21~24시,0.5,2
주말,21~24시,0.5,6
주말,21~24시,0.5,5
주말,21~24시,0.5,7
주말,21~24시,0.5,7
주말,21~24시,0.5,4
주말,21~24시,0.5,6
주말,21~24시,0.5,2
주말,21~24시,0.5,4
주말,21~24시,0.5,3
주말,21~24시,0.3,3
주말,21~24시,0.3,6
주말,21~24시,0.3,2
주말,21~24시,0.3,2
주말,21~24시,0.3,2
주말,21~24시,0.3,1
주말,21~24시,0.3,7
주말,21~24시,0.3,1
주말,21~24시,0.3,7
주말,21~24시,0.3,3
주말,21~24시,0.3,1
주말,21~24시,0.3,7
주말,21~24시,0.3,6
주말,21~24시,0.3,6
주말,21~24시,0.3,7
주말,21~24시,0.3,6
주말,21~24시,0.3,7
주말,21~24시,0.3,7
주말,21~24시,0.3,7
주말,21~24시,0.3,7
주말,21~24시,0.3,7
주말,21~24시,0.3,7
주말,21~24시,0.3,1
주말,21~24시,0.3,4
주말,21~24시,0.3,6
주말,21~24시,0.3,6
주말,21~24시,0.3,7
주말,21~24시,0.3,6
주말,21~24시,0.3,2
주말,21~24시,0.3,1
주말,21~24시,0.3,2
주말,21~24시,0.3,7
주말,21~24시,0.3,1
주말,21~24시,0.3,7
주말,21~24시,0.3,6
주말,21~24시,0.3,3
주말,21~24시,0.3,6
주말,21~24시,0.3,5
주말,21~24시,0.3,7
주말,21~24시,0.3,7
주말,21~24시,0.3,4
주말,21~24시,0.3,6
주말,21~24시,0.3,3
주말,21~24시,0.3,3
주말,21~24시,0.3,3
